0, name, type, where, nameassoc, type, where, extra
1, name, family, nativeto, scientific name;, family, nativeto;flowering season, colour;higher classification
2, dahlia, Asteraceae, mexico, Dahlia;Dahlias, Asteraceae, mexico, Dark red;red
3, Tulip, Liliaceae, any, Tulip;Tulips;Tulipa, Liliaceae, any, red;pink;yellow;white
4, sunflower, Asteraceae, any, sunflower; common sunflower, common sunflower, any, yellow
5, dahlia pinnata, Asteraceae, mexico, dahlia pinnata, Asteraceae, mexico;summer;autumn, red;pink;yellow;white;orange
6, Rose, Rosa, any, Rose;Roses, Rosaceae, any, red
7, Daffodil, _null, _null, _null, _null, _null, _null
8, Lily, _null, _null, Lily;_null, _null, _null, _null
9, Orchids, _null, _null, _null, _null, _null, _null
10, Carnation, Caryophyllaceae, _null, Carnation;Clove pink, Caryophyllaceae, _null, _null
11, _null, _null, _null, _null, _null, _null, _null
12, dahlia, Asteraceae, mexico, Dahlia;Dahlias, Asteraceae, mexico, Dark red;red
13, Tulip, Liliaceae, any, Tulip;Tulips;Tulipa, Liliaceae, any, red;pink;yellow;white
14, sunflower, Asteraceae, any, sunflower; common sunflower, common sunflower, any, yellow
15, dahlia pinnata, Asteraceae, mexico, dahlia pinnata, Asteraceae, mexico;summer;autumn, red;pink;yellow;white;orange
16, dahlia, Asteraceae, mexico, Dahlia;Dahlias, Asteraceae, mexico, Dark red;red
17, Tulip, Liliaceae, any, Tulip;Tulips;Tulipa, Liliaceae, any, red;pink;yellow;white
18, sunflower, Asteraceae, any, sunflower; common sunflower, common sunflower, any, yellow
19, dahlia pinnata, Asteraceae, mexico, dahlia pinnata, Asteraceae, mexico;summer;autumn, red;pink;yellow;white;orange
20, dahlia, Asteraceae, mexico, Dahlia;Dahlias, Asteraceae, mexico, Dark red;red
21, Tulip, Liliaceae, any, Tulip;Tulips;Tulipa, Liliaceae, any, red;pink;yellow;white
22, sunflower, Asteraceae, any, sunflower; common sunflower, common sunflower, any, yellow
23, dahlia pinnata, Asteraceae, mexico, dahlia pinnata, Asteraceae, mexico;summer;autumn, red;pink;yellow;white;orange
24, dahlia, Asteraceae, mexico, Dahlia;Dahlias, Asteraceae, mexico, Dark red;red
25, Tulip, Liliaceae, any, Tulip;Tulips;Tulipa, Liliaceae, any, red;pink;yellow;white
26, sunflower, Asteraceae, any, sunflower; common sunflower, common sunflower, any, yellow
27, dahlia pinnata, Asteraceae, mexico, dahlia pinnata, Asteraceae, mexico;summer;autumn, red;pink;yellow;white;orange
28, dahlia, Asteraceae, mexico, Dahlia;Dahlias, Asteraceae, mexico, Dark red;red
29, Tulip, Liliaceae, any, Tulip;Tulips;Tulipa, Liliaceae, any, red;pink;yellow;white
30, sunflower, Asteraceae, any, sunflower; common sunflower, common sunflower, any, yellow
31, dahlia pinnata, Asteraceae, mexico, dahlia pinnata, Asteraceae, mexico;summer;autumn, red;pink;yellow;white;orange
32, dahlia, Asteraceae, mexico, Dahlia;Dahlias, Asteraceae, mexico, Dark red;red
33, Tulip, Liliaceae, any, Tulip;Tulips;Tulipa, Liliaceae, any, red;pink;yellow;white
34, sunflower, Asteraceae, any, sunflower; common sunflower, common sunflower, any, yellow
35, dahlia pinnata, Asteraceae, mexico, dahlia pinnata, Asteraceae, mexico;summer;autumn, red;pink;yellow;white;orange
36, dahlia, Asteraceae, mexico, Dahlia;Dahlias, Asteraceae, mexico, Dark red;red
37, Tulip, Liliaceae, any, Tulip;Tulips;Tulipa, Liliaceae, any, red;pink;yellow;white
38, sunflower, Asteraceae, any, sunflower; common sunflower, common sunflower, any, yellow
39, dahlia pinnata, Asteraceae, mexico, dahlia pinnata, Asteraceae, mexico;summer;autumn, red;pink;yellow;white;orange
40, dahlia, Asteraceae, mexico, Dahlia;Dahlias, Asteraceae, mexico, Dark red;red
41, Tulip, Liliaceae, any, Tulip;Tulips;Tulipa, Liliaceae, any, red;pink;yellow;white
42, sunflower, Asteraceae, any, sunflower; common sunflower, common sunflower, any, yellow
43, dahlia pinnata, Asteraceae, mexico, dahlia pinnata, Asteraceae, mexico;summer;autumn, red;pink;yellow;white;orange
44, dahlia, Asteraceae, mexico, Dahlia;Dahlias, Asteraceae, mexico, Dark red;red
45, Tulip, Liliaceae, any, Tulip;Tulips;Tulipa, Liliaceae, any, red;pink;yellow;white
46, sunflower, Asteraceae, any, sunflower; common sunflower, common sunflower, any, yellow
47, dahlia pinnata, Asteraceae, mexico, dahlia pinnata, Asteraceae, mexico;summer;autumn, red;pink;yellow;white;orange
48, dahlia, Asteraceae, mexico, Dahlia;Dahlias, Asteraceae, mexico, Dark red;red
49, Tulip, Liliaceae, any, Tulip;Tulips;Tulipa, Liliaceae, any, red;pink;yellow;white
50, sunflower, Asteraceae, any, sunflower; common sunflower, common sunflower, any, yellow
51, dahlia pinnata, Asteraceae, mexico, dahlia pinnata, Asteraceae, mexico;summer;autumn, red;pink;yellow;white;orange
52, dahlia, Asteraceae, mexico, Dahlia;Dahlias, Asteraceae, mexico, Dark red;red
53, Tulip, Liliaceae, any, Tulip;Tulips;Tulipa, Liliaceae, any, red;pink;yellow;white
54, sunflower, Asteraceae, any, sunflower; common sunflower, common sunflower, any, yellow
55, dahlia pinnata, Asteraceae, mexico, dahlia pinnata, Asteraceae, mexico;summer;autumn, red;pink;yellow;white;orange
56, dahlia, Asteraceae, mexico, Dahlia;Dahlias, Asteraceae, mexico, Dark red;red
57, Tulip, Liliaceae, any, Tulip;Tulips;Tulipa, Liliaceae, any, red;pink;yellow;white
58, sunflower, Asteraceae, any, sunflower; common sunflower, common sunflower, any, yellow
59, dahlia pinnata, Asteraceae, mexico, dahlia pinnata, Asteraceae, mexico;summer;autumn, red;pink;yellow;white;orange
60, dahlia, Asteraceae, mexico, Dahlia;Dahlias, Asteraceae, mexico, Dark red;red
61, Tulip, Liliaceae, any, Tulip;Tulips;Tulipa, Liliaceae, any, red;pink;yellow;white
62, sunflower, Asteraceae, any, sunflower; common sunflower, common sunflower, any, yellow
63, dahlia pinnata, Asteraceae, mexico, dahlia pinnata, Asteraceae, mexico;summer;autumn, red;pink;yellow;white;orange
64, dahlia, Asteraceae, mexico, Dahlia;Dahlias, Asteraceae, mexico, Dark red;red
65, Tulip, Liliaceae, any, Tulip;Tulips;Tulipa, Liliaceae, any, red;pink;yellow;white
66, sunflower, Asteraceae, any, sunflower; common sunflower, common sunflower, any, yellow
67, dahlia pinnata, Asteraceae, mexico, dahlia pinnata, Asteraceae, mexico;summer;autumn, red;pink;yellow;white;orange
68, dahlia, Asteraceae, mexico, Dahlia;Dahlias, Asteraceae, mexico, Dark red;red
69, Tulip, Liliaceae, any, Tulip;Tulips;Tulipa, Liliaceae, any, red;pink;yellow;white
70, sunflower, Asteraceae, any, sunflower; common sunflower, common sunflower, any, yellow
71, dahlia pinnata, Asteraceae, mexico, dahlia pinnata, Asteraceae, mexico;summer;autumn, red;pink;yellow;white;orange
72, dahlia, Asteraceae, mexico, Dahlia;Dahlias, Asteraceae, mexico, Dark red;red
73, Tulip, Liliaceae, any, Tulip;Tulips;Tulipa, Liliaceae, any, red;pink;yellow;white
74, sunflower, Asteraceae, any, sunflower; common sunflower, common sunflower, any, yellow
75, dahlia pinnata, Asteraceae, mexico, dahlia pinnata, Asteraceae, mexico;summer;autumn, red;pink;yellow;white;orange
76, dahlia, Asteraceae, mexico, Dahlia;Dahlias, Asteraceae, mexico, Dark red;red
77, Tulip, Liliaceae, any, Tulip;Tulips;Tulipa, Liliaceae, any, red;pink;yellow;white
78, sunflower, Asteraceae, any, sunflower; common sunflower, common sunflower, any, yellow
79, dahlia pinnata, Asteraceae, mexico, dahlia pinnata, Asteraceae, mexico;summer;autumn, red;pink;yellow;white;orange
80, dahlia, Asteraceae, mexico, Dahlia;Dahlias, Asteraceae, mexico, Dark red;red
81, Tulip, Liliaceae, any, Tulip;Tulips;Tulipa, Liliaceae, any, red;pink;yellow;white
82, sunflower, Asteraceae, any, sunflower; common sunflower, common sunflower, any, yellow
83, dahlia pinnata, Asteraceae, mexico, dahlia pinnata, Asteraceae, mexico;summer;autumn, red;pink;yellow;white;orange
84, dahlia, Asteraceae, mexico, Dahlia;Dahlias, Asteraceae, mexico, Dark red;red
85, Tulip, Liliaceae, any, Tulip;Tulips;Tulipa, Liliaceae, any, red;pink;yellow;white
86, sunflower, Asteraceae, any, sunflower; common sunflower, common sunflower, any, yellow
87, dahlia pinnata, Asteraceae, mexico, dahlia pinnata, Asteraceae, mexico;summer;autumn, red;pink;yellow;white;orange
88, dahlia, Asteraceae, mexico, Dahlia;Dahlias, Asteraceae, mexico, Dark red;red
89, Tulip, Liliaceae, any, Tulip;Tulips;Tulipa, Liliaceae, any, red;pink;yellow;white
90, sunflower, Asteraceae, any, sunflower; common sunflower, common sunflower, any, yellow
91, dahlia pinnata, Asteraceae, mexico, dahlia pinnata, Asteraceae, mexico;summer;autumn, red;pink;yellow;white;orange
92, dahlia, Asteraceae, mexico, Dahlia;Dahlias, Asteraceae, mexico, Dark red;red
93, Tulip, Liliaceae, any, Tulip;Tulips;Tulipa, Liliaceae, any, red;pink;yellow;white
94, sunflower, Asteraceae, any, sunflower; common sunflower, common sunflower, any, yellow
95, dahlia pinnata, Asteraceae, mexico, dahlia pinnata, Asteraceae, mexico;summer;autumn, red;pink;yellow;white;orange
96, dahlia, Asteraceae, mexico, Dahlia;Dahlias, Asteraceae, mexico, Dark red;red
97, Tulip, Liliaceae, any, Tulip;Tulips;Tulipa, Liliaceae, any, red;pink;yellow;white
98, sunflower, Asteraceae, any, sunflower; common sunflower, common sunflower, any, yellow
99, dahlia pinnata, Asteraceae, mexico, dahlia pinnata, Asteraceae, mexico;summer;autumn, red;pink;yellow;white;orange
100, dahlia, Asteraceae, mexico, Dahlia;Dahlias, Asteraceae, mexico, Dark red;red
101, Tulip, Liliaceae, any, Tulip;Tulips;Tulipa, Liliaceae, any, red;pink;yellow;white
102, sunflower, Asteraceae, any, sunflower; common sunflower, common sunflower, any, yellow
103, dahlia pinnata, Asteraceae, mexico, dahlia pinnata, Asteraceae, mexico;summer;autumn, red;pink;yellow;white;orange
104, Lily, _null, _null, Lily;_null, _null, _null, _null
105,aLily, _null, _null, aLily;_null, _null, _null, _null
106, bLily, _null, _null, bLily;_null, _null, _null, _null
107, cLily, _null, _null, cLily;_null, _null, _null, _null
108, dLily, _null, _null,dLily;_null, _null, _null, _null
109,elily, _null, _null, eLily;_null, _null, _null, _null
110,flily, _null, _null, fLily;_null, _null, _null, _null
111,glily, _null, _null, gLily;_null, _null, _null, _null
