0,Acholi,Language,Uganda,Acholi,Language,Uganda,Nilo-Saharan;Eastern Sudanic
1,Afrikaans,Language,South Africa,Afrikaans,Language,South Africa; Namibia,Germanic; Indo-European
2,Akan,Language,Ghana,Akan,Language,Ghana; Ivory Coast,Niger-Congo; Potou-Tano;Central Tano;Latin script
3,Albanian,Language,Albania,Albanian,Language,Albania,Indo-European
4,Amharic,Language,Ethiopia,Amharic,Language,Ethiopia,Semitic;Afroa-siatic
5,Arabic,Language,Saudi Arabia,Arabic,Language,Saudi Arabia,Semitic;Afro-asiatic
6,Ashante,Dialect,Ghana,Ashante; Ashanti; Asante; Asante Twi; Twi,Dialect,Ghana,Niger-Congo
7,American Sign Language,Language,United States,American Sign Language; asl,Language,United States; Canada,Sign languages
8,Assyrian,Language,Iraq,Assyrian,Language,Iraq;Iran;Syria;Turkey,Afro-asiatic; Semitic; Syriac
9,Azerbaijani,Language,Azerbaijan,Azerbaijani;Azeri,Language,Azerbaijan,Turkic
11,Bajuni,Dialect,Kenya,Bajuni; Kibajuni; Tikulu; Tikuu,Dialect,Kenya; Somalia,Bantu; Niger-Congo; Benue-Congo
12,Basque,Language,Spain,Basque,Language,Spain;France,Language Isolate
13,Behdini-Kurdish,Language,Iraq,Behdini-Kurdish; Behdini,Language,Iraq; Iran,Indo-Iranian; Iranian; Kurdish; Indo-European
14,Belorussian,Language,Country,Belorussian,Language,Country,Language family
15,Bengali,Language,Country,Bengali,Language,Country,Language family
16,Berber,Language,Country,Berber,Language,Country,Language family
17,Bosnian,Language,Country,Bosnian,Language,Country,Language family
18,Bravanese,Language,Country,Bravanese,Language,Country,Language family
19,Bulgarian,Language,Country,Bulgarian,Language,Country,Language family
20,Burmese,Language,Country,Burmese,Language,Country,Language family
21,Cakchiquel,Language,Country,Cakchiquel,Language,Country,Language family
22,Cambodian,Language,Country,Cambodian,Language,Country,Language family
23,Cantonese,Language,Country,Cantonese,Language,Country,Language family
24,Catalan,Language,Country,Catalan,Language,Country,Language family
25,Chaldean,Language,Country,Chaldean,Language,Country,Language family
26,Chamorro,Language,Country,Chamorro,Language,Country,Language family
27,Chaochow,Language,Country,Chaochow,Language,Country,Language family
28,Chavacano,Language,Country,Chavacano,Language,Country,Language family
29,Chin,Language,Country,Chin,Language,Country,Language family
30,Chuukese,Language,Country,Chuukese,Language,Country,Language family
31,Cree,Language,Country,Cree,Language,Country,Language family
32,Croatian,Language,Country,Croatian,Language,Country,Language family
33,Czech,Language,Country,Czech,Language,Country,Language family
34,Dakota,Language,Country,Dakota,Language,Country,Language family
35,Danish,Language,Country,Danish,Language,Country,Language family
36,Dari,Language,Country,Dari,Language,Country,Language family
37,Dinka,Language,Country,Dinka,Language,Country,Language family
38,Diula,Language,Country,Diula,Language,Country,Language family
39,Dutch,Language,Country,Dutch,Language,Country,Language family
40,Edo,Language,Country,Edo,Language,Country,Language family
41,English,Language,Country,English,Language,Country,Language family
42,Estonian,Language,Country,Estonian,Language,Country,Language family
43,Ewe,Language,Country,Ewe,Language,Country,Language family
44,Fante,Language,Country,Fante,Language,Country,Language family
45,Farsi,Language,Country,Farsi,Language,Country,Language family
46,FijianHindi,Language,Country,FijianHindi,Language,Country,Language family
47,Finnish,Language,Country,Finnish,Language,Country,Language family
48,Flemish,Language,Country,Flemish,Language,Country,Language family
49,French,Language,Country,French,Language,Country,Language family
50,FrenchCanadian,Language,Country,FrenchCanadian,Language,Country,Language family
51,Fukienese,Language,Country,Fukienese,Language,Country,Language family
52,Fula,Language,Country,Fula,Language,Country,Language family
53,Fulani,Language,Country,Fulani,Language,Country,Language family
54,Fuzhou,Language,Country,Fuzhou,Language,Country,Language family
55,Ga,Language,Country,Ga,Language,Country,Language family
56,Gaddang,Language,Country,Gaddang,Language,Country,Language family
57,Gaelicirish,Language,Country,Gaelicirish,Language,Country,Language family
58,Gaelicscottish,Language,Country,Gaelicscottish,Language,Country,Language family
59,Georgian,Language,Country,Georgian,Language,Country,Language family
60,German,Language,Country,German,Language,Country,Language family
61,Gorani,Language,Country,Gorani,Language,Country,Language family
62,Greek,Language,Country,Greek,Language,Country,Language family
63,Gujarati,Language,Country,Gujarati,Language,Country,Language family
64,HaitianCreole,Language,Country,HaitianCreole,Language,Country,Language family
65,Hakka,Language,Country,Hakka,Language,Country,Language family
66,Hakkachinese,Language,Country,Hakkachinese,Language,Country,Language family
67,Hausa,Language,Country,Hausa,Language,Country,Language family
68,Hebrew,Language,Country,Hebrew,Language,Country,Language family
69,Hindi,Language,Country,Hindi,Language,Country,Language family
70,Hmong,Language,Country,Hmong,Language,Country,Language family
71,Hungarian,Language,Country,Hungarian,Language,Country,Language family
72,Ibanag,Language,Country,Ibanag,Language,Country,Language family
73,Ibo,Language,Country,Ibo,Language,Country,Language family
74,Icelandic,Language,Country,Icelandic,Language,Country,Language family
75,Igbo,Language,Country,Igbo,Language,Country,Language family
76,Ilocano,Language,Country,Ilocano,Language,Country,Language family
77,Indonesian,Language,Country,Indonesian,Language,Country,Language family
78,Inuktitut,Language,Country,Inuktitut,Language,Country,Language family
79,Italian,Language,Country,Italian,Language,Country,Language family
80,Jakartanese,Language,Country,Jakartanese,Language,Country,Language family
81,Japanese,Language,Country,Japanese,Language,Country,Language family
82,Javanese,Language,Country,Javanese,Language,Country,Language family
83,Kanjobal,Language,Country,Kanjobal,Language,Country,Language family
84,Karen,Language,Country,Karen,Language,Country,Language family
85,Karenni,Language,Country,Karenni,Language,Country,Language family
86,Kashmiri,Language,Country,Kashmiri,Language,Country,Language family
87,Kazakh,Language,Country,Kazakh,Language,Country,Language family
88,Kikuyu,Language,Country,Kikuyu,Language,Country,Language family
89,Kinyarwanda,Language,Country,Kinyarwanda,Language,Country,Language family
90,Kirundi,Language,Country,Kirundi,Language,Country,Language family
91,Korean,Language,Country,Korean,Language,Country,Language family
92,Kosovan,Language,Country,Kosovan,Language,Country,Language family
93,Kotokoli,Language,Country,Kotokoli,Language,Country,Language family
94,Krio,Language,Country,Krio,Language,Country,Language family
95,Kurdish,Language,Country,Kurdish,Language,Country,Language family
96,Kurmanji,Language,Country,Kurmanji,Language,Country,Language family
97,Kyrgyz,Language,Country,Kyrgyz,Language,Country,Language family
98,Lakota,Language,Country,Lakota,Language,Country,Language family
99,Laotian,Language,Country,Laotian,Language,Country,Language family
100,Latvian,Language,Country,Latvian,Language,Country,Language family
101,Lingala,Language,Country,Lingala,Language,Country,Language family
102,Lithuanian,Language,Country,Lithuanian,Language,Country,Language family
103,Luganda,Language,Country,Luganda,Language,Country,Language family
104,Luo,Language,Country,Luo,Language,Country,Language family
105,Maay,Language,Country,Maay,Language,Country,Language family
106,Macedonian,Language,Country,Macedonian,Language,Country,Language family
107,Malay,Language,Country,Malay,Language,Country,Language family
108,Malayalam,Language,Country,Malayalam,Language,Country,Language family
109,Maltese,Language,Country,Maltese,Language,Country,Language family
110,Mandarin,Language,Country,Mandarin,Language,Country,Language family
111,Mandingo,Language,Country,Mandingo,Language,Country,Language family
112,Mandinka,Language,Country,Mandinka,Language,Country,Language family
113,Marathi,Language,Country,Marathi,Language,Country,Language family
114,Marshallese,Language,Country,Marshallese,Language,Country,Language family
115,Mien,Language,Country,Mien,Language,Country,Language family
116,Mina,Language,Country,Mina,Language,Country,Language family
117,Mirpuri,Language,Country,Mirpuri,Language,Country,Language family
118,Mixteco,Language,Country,Mixteco,Language,Country,Language family
119,Moldavan,Language,Country,Moldavan,Language,Country,Language family
120,Mongolian,Language,Country,Mongolian,Language,Country,Language family
121,Montenegrin,Language,Country,Montenegrin,Language,Country,Language family
122,Navajo,Language,Country,Navajo,Language,Country,Language family
123,Neapolitan,Language,Country,Neapolitan,Language,Country,Language family
124,Nepali,Language,Country,Nepali,Language,Country,Language family
125,NigerianPidgin,Language,Country,NigerianPidgin,Language,Country,Language family
126,Norwegian,Language,Country,Norwegian,Language,Country,Language family
127,Oromo,Language,Country,Oromo,Language,Country,Language family
128,Pahari,Language,Country,Pahari,Language,Country,Language family
129,Papago,Language,Country,Papago,Language,Country,Language family
130,Papiamento,Language,Country,Papiamento,Language,Country,Language family
131,Pashto,Language,Country,Pashto,Language,Country,Language family
132,Patois,Language,Country,Patois,Language,Country,Language family
133,PidginEnglish,Language,Country,PidginEnglish,Language,Country,Language family
134,Polish,Language,Country,Polish,Language,Country,Language family
135,Portuguese,Language,Country,Portuguese,Language,Country,Language family
136,Pothwari,Language,Country,Pothwari,Language,Country,Language family
137,Pulaar,Language,Country,Pulaar,Language,Country,Language family
138,Punjabi,Language,Country,Punjabi,Language,Country,Language family
139,Putian,Language,Country,Putian,Language,Country,Language family
140,Kichwa,Language,Country,Kichwa,Language,Country,Language family
141,Romanian,Language,Country,Romanian,Language,Country,Language family
142,Russian,Language,Country,Russian,Language,Country,Language family
143,Samoan,Language,Country,Samoan,Language,Country,Language family
144,Serbian,Language,Country,Serbian,Language,Country,Language family
145,Shanghainese,Language,Country,Shanghainese,Language,Country,Language family
146,Shona,Language,Country,Shona,Language,Country,Language family
147,Sichuan,Language,Country,Sichuan,Language,Country,Language family
148,Sicilian,Language,Country,Sicilian,Language,Country,Language family
149,Sinhalese,Language,Country,Sinhalese,Language,Country,Language family
150,Slovak,Language,Country,Slovak,Language,Country,Language family
151,Somali,Language,Country,Somali,Language,Country,Language family
152,Sorani,Language,Country,Sorani,Language,Country,Language family
153,Spanish,Language,Country,Spanish,Language,Country,Language family
154,SudaneseArabic,Language,Country,SudaneseArabic,Language,Country,Language family
155,Sundanese,Language,Country,Sundanese,Language,Country,Language family
156,Susu,Language,Country,Susu,Language,Country,Language family
157,Swahili,Language,Country,Swahili,Language,Country,Language family
158,Swedish,Language,Country,Swedish,Language,Country,Language family
159,Sylhetti,Language,Country,Sylhetti,Language,Country,Language family
160,Tagalog,Language,Country,Tagalog,Language,Country,Language family
161,Taiwanese,Language,Country,Taiwanese,Language,Country,Language family
162,Tajik,Language,Country,Tajik,Language,Country,Language family
163,Tamil,Language,Country,Tamil,Language,Country,Language family
164,Telugu,Language,Country,Telugu,Language,Country,Language family
165,Thai,Language,Country,Thai,Language,Country,Language family
166,Tibetan,Language,Country,Tibetan,Language,Country,Language family
167,Tigre,Language,Country,Tigre,Language,Country,Language family
168,Tigrinya,Language,Country,Tigrinya,Language,Country,Language family
169,Toishanese,Language,Country,Toishanese,Language,Country,Language family
170,Tongan,Language,Country,Tongan,Language,Country,Language family
171,Toucouleur,Language,Country,Toucouleur,Language,Country,Language family
172,Trique,Language,Country,Trique,Language,Country,Language family
173,Tshiluba,Language,Country,Tshiluba,Language,Country,Language family
174,Turkish,Language,Country,Turkish,Language,Country,Language family
175,Twi,Language,Country,Twi,Language,Country,Language family
176,Ukrainian,Language,Country,Ukrainian,Language,Country,Language family
177,Urdu,Language,Country,Urdu,Language,Country,Language family
178,Uyghur,Language,Country,Uyghur,Language,Country,Language family
179,Uzbek,Language,Country,Uzbek,Language,Country,Language family
180,Vietnamese,Language,Country,Vietnamese,Language,Country,Language family
181,Visayan,Language,Country,Visayan,Language,Country,Language family
182,Welsh,Language,Country,Welsh,Language,Country,Language family
183,Wolof,Language,Country,Wolof,Language,Country,Language family
184,Yiddish,Language,Country,Yiddish,Language,Country,Language family
185,Yoruba,Language,Country,Yoruba,Language,Country,Language family
186,Yupik,Language,Country,Yupik,Language,Country,Language family; Writing System
187,Aragonese,Language,Spain,Aragonese,Language,Spain,Romance; Latin script
