0,shanghai,Core districts,china, _null, _null, _null, _null
1,lagos,Metropolitan area/core districts,nigeria, _null, _null, _null, _null
2,istanbul,Core districts,turkey, _null, _null, _null, _null
3,karachi,City District,pakistan, _null, _null, _null, _null
4,mumbai,Municipal Corporation,india, _null, _null, _null, _null
5,moscow,Federal City,russia, _null, _null, _null, _null
6,saopaulo,Municipality,brazil, _null, _null, _null, _null
7,beijing,Core districts,china, _null, _null, _null, _null
8,guangzhou,Core districts,china, _null, _null, _null, _null
9,delhi,Municipal Corporation,india, _null, _null, _null, _null
10,lahore,City District,pakistan, _null, _null, _null, _null
11,shenzhen,All districts,china, _null, _null, _null, _null
12,seoul,Special City,southkorea, _null, _null, _null, _null
13,jakarta,Special capital district,indonesia, _null, _null, _null, _null
14,tianjin,Core districts,china, _null, _null, _null, _null
15,chennai,Municipal Corporation,india, _null, _null, _null, _null
16,tokyo,23 Special Wards,japan, _null, _null, _null, _null
17,cairo,Governorate,egypt, _null, _null, _null, _null
18,dhaka,City Corporation,bangladesh, _null, _null, _null, _null
19,mexicocity,Federal District,mexico, _null, _null, _null, _null
20,kinshasa,City-Province,democraticrepublicofthecongo, _null, _null, _null, _null
21,bangalore,Municipal Corporation,india, _null, _null, _null, _null
22,newyork,Five Boroughs,unitedstates, _null, _null, _null, _null
23,london,Greater London,unitedkingdom, _null, _null, _null, _null
24,bangkok,Administrative area,thailand, _null, _null, _null, _null
25,tehran,City proper,iran, _null, _null, _null, _null
26,dongguan,Prefecture-level city,china, _null, _null, _null, _null
27,hochiminhcity,Province-level municipality,vietnam, _null, _null, _null, _null
28,bogota,Capital district,colombia, _null, _null, _null, _null
29,lima,Core districts,peru, _null, _null, _null, _null
30,hongkong,Special Administrative Region,hongkong, _null, _null, _null, _null
31,hanoi,Province-level municipality,vietnam, _null, _null, _null, _null
32,hyderabad,Municipal Corporation,india, _null, _null, _null, _null
33,wuhan,Central districts,china, _null, _null, _null, _null
34,riodejaneiro,Municipality,brazil, _null, _null, _null, _null
35,foshan,City Proper + Inner Suburbs,china, _null, _null, _null, _null
36,ahmedabad,Municipal Corporation,india, _null, _null, _null, _null
37,baghdad,City proper,iraq, _null, _null, _null, _null
38,singapore,City State,singapore, _null, _null, _null, _null
39,shantou,Prefecture-level city,china, _null, _null, _null, _null
40,riyadh,City proper,saudiarabia, _null, _null, _null, _null
41,jeddah,City proper,saudiarabia, _null, _null, _null, _null
42,santiago,Province,chile, _null, _null, _null, _null
43,saintpetersburg,Federal city,russia, _null, _null, _null, _null
44,qalyubia,Governorate,egypt, _null, _null, _null, _null
45,chengdu,City core,china, _null, _null, _null, _null
46,alexandria,Governorate,egypt, _null, _null, _null, _null
47,ankara,Metropolitan Municipality,turkey, _null, _null, _null, _null
48,chongqing,Core districts,china, _null, _null, _null, _null
49,kolkata,Municipal Corporation,india, _null, _null, _null, _null
50,xian,Core districts,china, _null, _null, _null, _null
51,surat,Municipal Corporation,india, _null, _null, _null, _null
52,johannesburg,Metropolitan municipality,southafrica, _null, _null, _null, _null
53,nanjing,Core districts,china, _null, _null, _null, _null
54,daressalaam,Region,tanzania, _null, _null, _null, _null
55,yangon,City proper,burma, _null, _null, _null, _null
56,abidjan,Department/District,ivorycoast, _null, _null, _null, _null
57,harbin,Core districts,china, _null, _null, _null, _null
58,zhengzhou,Core districts,china, _null, _null, _null, _null
59,suzhou,Core districts,china, _null, _null, _null, _null
60,sydney,Urban area/Local government,australia, _null, _null, _null, _null
61,newtaipeicity,Special municipality,republicofchinataiwan, _null, _null, _null, _null
62,losangeles,City proper,unitedstates, _null, _null, _null, _null
63,melbourne,Urban area/Local government,australia, _null, _null, _null, _null
64,capetown,Metropolitan Municipality,southafrica, _null, _null, _null, _null
65,shenyang,Core districts,china, _null, _null, _null, _null
66,yokohama,City proper,japan, _null, _null, _null, _null
67,busan,Metropolitan City,southkorea, _null, _null, _null, _null
68,hangzhou,Core districts,china, _null, _null, _null, _null
69,quanzhou,Core districts,china, _null, _null, _null, _null
70,durban,Metropolitan Municipality,southafrica, _null, _null, _null, _null
71,casablanca,City proper,morocco, _null, _null, _null, _null
72,algiers,City proper,algeria, _null, _null, _null, _null
73,berlin,City state,germany, _null, _null, _null, _null
74,nairobi,City-county,kenya, _null, _null, _null, _null
75,hefei,Core districts,china, _null, _null, _null, _null
76,kabul,City proper,afghanistan, _null, _null, _null, _null
77,pyongyang,Direct-controlled municipality,northkorea, _null, _null, _null, _null
78,madrid,Municipality,spain, _null, _null, _null, _null
79,ekurhuleni,Metropolitan municipality,southafrica, _null, _null, _null, _null
80,pune,Municipal Corporation,india, _null, _null, _null, _null
81,addisababa,Region,ethiopia, _null, _null, _null, _null
82,changsha,Core districts,china, _null, _null, _null, _null
83,jaipur,Municipal Corporation,india, _null, _null, _null, _null
84,xuzhou,City proper,china, _null, _null, _null, _null
85,wenzhou,Core districts,china, _null, _null, _null, _null
86, _null, _null, _null, _null, _null, _null, _null
87, _null, _null, _null, _null, _null, _null, _null
88, _null, _null, _null, _null, _null, _null, _null
89, _null, _null, _null, _null, _null, _null, _null
90, _null, _null, _null, _null, _null, _null, _null
91, _null, _null, _null, _null, _null, _null, _null
92, _null, _null, _null, _null, _null, _null, _null
93, _null, _null, _null, _null, _null, _null, _null
94, _null, _null, _null, _null, _null, _null, _null
95, _null, _null, _null, _null, _null, _null, _null
96, _null, _null, _null, _null, _null, _null, _null
97, _null, _null, _null, _null, _null, _null, _null
98, _null, _null, _null, _null, _null, _null, _null
99, _null, _null, _null, _null, _null, _null, _null
100,_null,_null,_null,_null,_null,_null,_null
101,Ansonia,City,UnitedStates,Ansonia,City,UnitedStates;NorthAmerica;America,_null
102,Ansted,City,UnitedStates,Ansted,City,UnitedStates;NorthAmerica;America,_null
103,Antelope,City,UnitedStates,Antelope,City,UnitedStates;NorthAmerica;America,_null
104,Antigo,City,UnitedStates,Antigo,City,UnitedStates;NorthAmerica;America,_null
105,Antioch,City,UnitedStates,Antioch,City,UnitedStates;NorthAmerica;America,_null
106,Antlers,City,UnitedStates,Antlers,City,UnitedStates;NorthAmerica;America,_null
107,Anton,City,UnitedStates,Anton,City,UnitedStates;NorthAmerica;America,_null
108,Antonio,City,UnitedStates,Antonio,City,UnitedStates;NorthAmerica;America,_null
109,Antrim,City,UnitedStates,Antrim,City,UnitedStates;NorthAmerica;America,_null
110,ApacheJunction,City,UnitedStates,ApacheJunction,City,UnitedStates;NorthAmerica;America,_null
111,Apalachicola,City,UnitedStates,Apalachicola,City,UnitedStates;NorthAmerica;America,_null
112,Apalachin,City,UnitedStates,Apalachin,City,UnitedStates;NorthAmerica;America,_null
113,Apex,City,UnitedStates,Apex,City,UnitedStates;NorthAmerica;America,_null
114,Aplington,City,UnitedStates,Aplington,City,UnitedStates;NorthAmerica;America,_null
115,Apollo,City,UnitedStates,Apollo,City,UnitedStates;NorthAmerica;America,_null
116,Apopka,City,UnitedStates,Apopka,City,UnitedStates;NorthAmerica;America,_null
117,AppleCreek,City,UnitedStates,AppleCreek,City,UnitedStates;NorthAmerica;America,_null
118,Applegate,City,UnitedStates,Applegate,City,UnitedStates;NorthAmerica;America,_null
119,AppleRiver,City,UnitedStates,AppleRiver,City,UnitedStates;NorthAmerica;America,_null
120,AppleSprings,City,UnitedStates,AppleSprings,City,UnitedStates;NorthAmerica;America,_null
121,Appleton,City,UnitedStates,Appleton,City,UnitedStates;NorthAmerica;America,_null
122,AppleValley,City,UnitedStates,AppleValley,City,UnitedStates;NorthAmerica;America,_null
123,Appling,City,UnitedStates,Appling,City,UnitedStates;NorthAmerica;America,_null
124,Appomattox,City,UnitedStates,Appomattox,City,UnitedStates;NorthAmerica;America,_null
125,Aptos,City,UnitedStates,Aptos,City,UnitedStates;NorthAmerica;America,_null
126,Arabi,City,UnitedStates,Arabi,City,UnitedStates;NorthAmerica;America,_null
127,AransasPass,City,UnitedStates,AransasPass,City,UnitedStates;NorthAmerica;America,_null
128,Arapahoe,City,UnitedStates,Arapahoe,City,UnitedStates;NorthAmerica;America,_null
129,Arbuckle,City,UnitedStates,Arbuckle,City,UnitedStates;NorthAmerica;America,_null
130,Arbyrd,City,UnitedStates,Arbyrd,City,UnitedStates;NorthAmerica;America,_null
131,Arcade,City,UnitedStates,Arcade,City,UnitedStates;NorthAmerica;America,_null
132,Arcadia,City,UnitedStates,Arcadia,City,UnitedStates;NorthAmerica;America,_null
133,Arcanum,City,UnitedStates,Arcanum,City,UnitedStates;NorthAmerica;America,_null
134,Arcata,City,UnitedStates,Arcata,City,UnitedStates;NorthAmerica;America,_null
135,Archbald,City,UnitedStates,Archbald,City,UnitedStates;NorthAmerica;America,_null
136,Archbold,City,UnitedStates,Archbold,City,UnitedStates;NorthAmerica;America,_null
137,ArcherCity,City,UnitedStates,ArcherCity,City,UnitedStates;NorthAmerica;America,_null
138,Archie,City,UnitedStates,Archie,City,UnitedStates;NorthAmerica;America,_null
139,Arco,City,UnitedStates,Arco,City,UnitedStates;NorthAmerica;America,_null
140,Arcola,City,UnitedStates,Arcola,City,UnitedStates;NorthAmerica;America,_null
141,Arden,City,UnitedStates,Arden,City,UnitedStates;NorthAmerica;America,_null
142,Ardmore,City,UnitedStates,Ardmore,City,UnitedStates;NorthAmerica;America,_null
143,Ardo,City,UnitedStates,Ardo,City,UnitedStates;NorthAmerica;America,_null
144,Ardsley,City,UnitedStates,Ardsley,City,UnitedStates;NorthAmerica;America,_null
145,Arena,City,UnitedStates,Arena,City,UnitedStates;NorthAmerica;America,_null
146,Arenzville,City,UnitedStates,Arenzville,City,UnitedStates;NorthAmerica;America,_null
147,Argonia,City,UnitedStates,Argonia,City,UnitedStates;NorthAmerica;America,_null
148,Argos,City,UnitedStates,Argos,City,UnitedStates;NorthAmerica;America,_null
149,Argusville,City,UnitedStates,Argusville,City,UnitedStates;NorthAmerica;America,_null
150,Argyle,City,UnitedStates,Argyle,City,UnitedStates;NorthAmerica;America,_null
151,Arimo,City,UnitedStates,Arimo,City,UnitedStates;NorthAmerica;America,_null
152,ArizonaCity,City,UnitedStates,ArizonaCity,City,UnitedStates;NorthAmerica;America,_null
153,Arkadelphia,City,UnitedStates,Arkadelphia,City,UnitedStates;NorthAmerica;America,_null
154,ArkansasCity,City,UnitedStates,ArkansasCity,City,UnitedStates;NorthAmerica;America,_null
155,Arlee,City,UnitedStates,Arlee,City,UnitedStates;NorthAmerica;America,_null
156,Arlington,City,UnitedStates,Arlington,City,UnitedStates;NorthAmerica;America,_null
157,Armada,City,UnitedStates,Armada,City,UnitedStates;NorthAmerica;America,_null
158,Armonk,City,UnitedStates,Armonk,City,UnitedStates;NorthAmerica;America,_null
159,Armorel,City,UnitedStates,Armorel,City,UnitedStates;NorthAmerica;America,_null
160,Armour,City,UnitedStates,Armour,City,UnitedStates;NorthAmerica;America,_null
161,Armstrong,City,UnitedStates,Armstrong,City,UnitedStates;NorthAmerica;America,_null
162,Arnaudville,City,UnitedStates,Arnaudville,City,UnitedStates;NorthAmerica;America,_null
163,Arnett,City,UnitedStates,Arnett,City,UnitedStates;NorthAmerica;America,_null
164,Arnold,City,UnitedStates,Arnold,City,UnitedStates;NorthAmerica;America,_null
165,Aromas,City,UnitedStates,Aromas,City,UnitedStates;NorthAmerica;America,_null
166,ArroyoGrande,City,UnitedStates,ArroyoGrande,City,UnitedStates;NorthAmerica;America,_null
167,Artesia,City,UnitedStates,Artesia,City,UnitedStates;NorthAmerica;America,_null
168,Arvada,City,UnitedStates,Arvada,City,UnitedStates;NorthAmerica;America,_null
169,Arvin,City,UnitedStates,Arvin,City,UnitedStates;NorthAmerica;America,_null
170,Asbury,City,UnitedStates,Asbury,City,UnitedStates;NorthAmerica;America,_null
171,Ascutney,City,UnitedStates,Ascutney,City,UnitedStates;NorthAmerica;America,_null
172,Ashaway,City,UnitedStates,Ashaway,City,UnitedStates;NorthAmerica;America,_null
173,Ashburn,City,UnitedStates,Ashburn,City,UnitedStates;NorthAmerica;America,_null
174,Ashby,City,UnitedStates,Ashby,City,UnitedStates;NorthAmerica;America,_null
175,Ashdown,City,UnitedStates,Ashdown,City,UnitedStates;NorthAmerica;America,_null
176,Asheboro,City,UnitedStates,Asheboro,City,UnitedStates;NorthAmerica;America,_null
177,Asher,City,UnitedStates,Asher,City,UnitedStates;NorthAmerica;America,_null
178,Asheville,City,UnitedStates,Asheville,City,UnitedStates;NorthAmerica;America,_null
179,Ashfield,City,UnitedStates,Ashfield,City,UnitedStates;NorthAmerica;America,_null
180,AshFlat,City,UnitedStates,AshFlat,City,UnitedStates;NorthAmerica;America,_null
181,Ashford,City,UnitedStates,Ashford,City,UnitedStates;NorthAmerica;America,_null
182,AshFork,City,UnitedStates,AshFork,City,UnitedStates;NorthAmerica;America,_null
183,AshGrove,City,UnitedStates,AshGrove,City,UnitedStates;NorthAmerica;America,_null
184,Ashippun,City,UnitedStates,Ashippun,City,UnitedStates;NorthAmerica;America,_null
185,Ashland,City,UnitedStates,Ashland,City,UnitedStates;NorthAmerica;America,_null
186,AshleyFalls,City,UnitedStates,AshleyFalls,City,UnitedStates;NorthAmerica;America,_null
187,Ashtabula,City,UnitedStates,Ashtabula,City,UnitedStates;NorthAmerica;America,_null
188,Ashton,City,UnitedStates,Ashton,City,UnitedStates;NorthAmerica;America,_null
189,Ashville,City,UnitedStates,Ashville,City,UnitedStates;NorthAmerica;America,_null
190,Askov,City,UnitedStates,Askov,City,UnitedStates;NorthAmerica;America,_null
191,Asotin,City,UnitedStates,Asotin,City,UnitedStates;NorthAmerica;America,_null
192,Aspen,City,UnitedStates,Aspen,City,UnitedStates;NorthAmerica;America,_null
193,Aspermont,City,UnitedStates,Aspermont,City,UnitedStates;NorthAmerica;America,_null
194,Assaria,City,UnitedStates,Assaria,City,UnitedStates;NorthAmerica;America,_null
195,Aston,City,UnitedStates,Aston,City,UnitedStates;NorthAmerica;America,_null
196,Astoria,City,UnitedStates,Astoria,City,UnitedStates;NorthAmerica;America,_null
197,Atascadero,City,UnitedStates,Atascadero,City,UnitedStates;NorthAmerica;America,_null
198,Atascosa,City,UnitedStates,Atascosa,City,UnitedStates;NorthAmerica;America,_null
199,Atchison,City,UnitedStates,Atchison,City,UnitedStates;NorthAmerica;America,_null
200,Atco,City,UnitedStates,Atco,City,UnitedStates;NorthAmerica;America,_null
201,Atglen,City,UnitedStates,Atglen,City,UnitedStates;NorthAmerica;America,_null
202,Athena,City,UnitedStates,Athena,City,UnitedStates;NorthAmerica;America,_null
203,Atherton,City,UnitedStates,Atherton,City,UnitedStates;NorthAmerica;America,_null
204,Athol,City,UnitedStates,Athol,City,UnitedStates;NorthAmerica;America,_null
205,Atkins,City,UnitedStates,Atkins,City,UnitedStates;NorthAmerica;America,_null
206,Atkinson,City,UnitedStates,Atkinson,City,UnitedStates;NorthAmerica;America,_null
207,Atlanta,City,UnitedStates,Atlanta,City,UnitedStates;NorthAmerica;America,_null
208,Atlantic,City,UnitedStates,Atlantic,City,UnitedStates;NorthAmerica;America,_null
209,Atmore,City,UnitedStates,Atmore,City,UnitedStates;NorthAmerica;America,_null
210,Atoka,City,UnitedStates,Atoka,City,UnitedStates;NorthAmerica;America,_null
211,Atqasuk,City,UnitedStates,Atqasuk,City,UnitedStates;NorthAmerica;America,_null
212,Attalla,City,UnitedStates,Attalla,City,UnitedStates;NorthAmerica;America,_null
213,Attica,City,UnitedStates,Attica,City,UnitedStates;NorthAmerica;America,_null
214,Attleboro,City,UnitedStates,Attleboro,City,UnitedStates;NorthAmerica;America,_null
215,Atwater,City,UnitedStates,Atwater,City,UnitedStates;NorthAmerica;America,_null
216,Atwood,City,UnitedStates,Atwood,City,UnitedStates;NorthAmerica;America,_null
217,Auberry,City,UnitedStates,Auberry,City,UnitedStates;NorthAmerica;America,_null
218,Aubrey,City,UnitedStates,Aubrey,City,UnitedStates;NorthAmerica;America,_null
219,Auburndale,City,UnitedStates,Auburndale,City,UnitedStates;NorthAmerica;America,_null
220,Audubon,City,UnitedStates,Audubon,City,UnitedStates;NorthAmerica;America,_null
221,AuGres,City,UnitedStates,AuGres,City,UnitedStates;NorthAmerica;America,_null
222,Augusta,City,UnitedStates,Augusta,City,UnitedStates;NorthAmerica;America,_null
223,Augustine,City,UnitedStates,Augustine,City,UnitedStates;NorthAmerica;America,_null
224,Aukum,City,UnitedStates,Aukum,City,UnitedStates;NorthAmerica;America,_null
225,Aulander,City,UnitedStates,Aulander,City,UnitedStates;NorthAmerica;America,_null
226,Ault,City,UnitedStates,Ault,City,UnitedStates;NorthAmerica;America,_null
227,Aumsville,City,UnitedStates,Aumsville,City,UnitedStates;NorthAmerica;America,_null
228,Aurelia,City,UnitedStates,Aurelia,City,UnitedStates;NorthAmerica;America,_null
229,Aurora,City,UnitedStates,Aurora,City,UnitedStates;NorthAmerica;America,_null
230,Austell,City,UnitedStates,Austell,City,UnitedStates;NorthAmerica;America,_null
231,Austerlitz,City,UnitedStates,Austerlitz,City,UnitedStates;NorthAmerica;America,_null
232,Austin,City,UnitedStates,Austin,City,UnitedStates;NorthAmerica;America,_null
233,Austinburg,City,UnitedStates,Austinburg,City,UnitedStates;NorthAmerica;America,_null
234,Autaugaville,City,UnitedStates,Autaugaville,City,UnitedStates;NorthAmerica;America,_null
235,auxPins,City,UnitedStates,auxPins,City,UnitedStates;NorthAmerica;America,_null
236,Auxvasse,City,UnitedStates,Auxvasse,City,UnitedStates;NorthAmerica;America,_null
237,Avalon,City,UnitedStates,Avalon,City,UnitedStates;NorthAmerica;America,_null
238,Avenal,City,UnitedStates,Avenal,City,UnitedStates;NorthAmerica;America,_null
239,Avenel,City,UnitedStates,Avenel,City,UnitedStates;NorthAmerica;America,_null
240,AverillPark,City,UnitedStates,AverillPark,City,UnitedStates;NorthAmerica;America,_null
241,Avery,City,UnitedStates,Avery,City,UnitedStates;NorthAmerica;America,_null
242,Avi,City,UnitedStates,Avi,City,UnitedStates;NorthAmerica;America,_null
243,Avilla,City,UnitedStates,Avilla,City,UnitedStates;NorthAmerica;America,_null
244,Avoca,City,UnitedStates,Avoca,City,UnitedStates;NorthAmerica;America,_null
245,Avondale,City,UnitedStates,Avondale,City,UnitedStates;NorthAmerica;America,_null
246,Axtell,City,UnitedStates,Axtell,City,UnitedStates;NorthAmerica;America,_null
247,Aydlett,City,UnitedStates,Aydlett,City,UnitedStates;NorthAmerica;America,_null
248,Ayer,City,UnitedStates,Ayer,City,UnitedStates;NorthAmerica;America,_null
249,Aylett,City,UnitedStates,Aylett,City,UnitedStates;NorthAmerica;America,_null
250,Ayr,City,UnitedStates,Ayr,City,UnitedStates;NorthAmerica;America,_null
251,Azalia,City,UnitedStates,Azalia,City,UnitedStates;NorthAmerica;America,_null
252,Azle,City,UnitedStates,Azle,City,UnitedStates;NorthAmerica;America,_null
253,Azusa,City,UnitedStates,Azusa,City,UnitedStates;NorthAmerica;America,_null
254,Ba,City,UnitedStates,Ba,City,UnitedStates;NorthAmerica;America,_null
255,BabsonPark,City,UnitedStates,BabsonPark,City,UnitedStates;NorthAmerica;America,_null
256,Babylon,City,UnitedStates,Babylon,City,UnitedStates;NorthAmerica;America,_null
257,Backus,City,UnitedStates,Backus,City,UnitedStates;NorthAmerica;America,_null
258,BadAxe,City,UnitedStates,BadAxe,City,UnitedStates;NorthAmerica;America,_null
259,Baden,City,UnitedStates,Baden,City,UnitedStates;NorthAmerica;America,_null
260,Baggs,City,UnitedStates,Baggs,City,UnitedStates;NorthAmerica;America,_null
261,Bagley,City,UnitedStates,Bagley,City,UnitedStates;NorthAmerica;America,_null
262,Bailey,City,UnitedStates,Bailey,City,UnitedStates;NorthAmerica;America,_null
263,Baileyville,City,UnitedStates,Baileyville,City,UnitedStates;NorthAmerica;America,_null
264,Bainbridge,City,UnitedStates,Bainbridge,City,UnitedStates;NorthAmerica;America,_null
265,Bainville,City,UnitedStates,Bainville,City,UnitedStates;NorthAmerica;America,_null
266,Baird,City,UnitedStates,Baird,City,UnitedStates;NorthAmerica;America,_null
267,Baisden,City,UnitedStates,Baisden,City,UnitedStates;NorthAmerica;America,_null
268,BakerCity,City,UnitedStates,BakerCity,City,UnitedStates;NorthAmerica;America,_null
269,Bakersfield,City,UnitedStates,Bakersfield,City,UnitedStates;NorthAmerica;America,_null
270,Bakersville,City,UnitedStates,Bakersville,City,UnitedStates;NorthAmerica;America,_null
